{
    "input_shapes": [
        [
            100
        ]
    ],
    "input_data": [
        [
            0.010936522856354713,
            0.014501375146210194,
            0.07673805207014084,
            0.07008858025074005,
            0.08837418258190155,
            0.021161163225769997,
            0.003201556159183383,
            0.03880957514047623,
            0.059931762516498566,
            0.03274322673678398,
            0.002757173730060458,
            0.011011987924575806,
            0.034201569855213165,
            0.00042986273183487356,
            0.09974881261587143,
            0.03869642689824104,
            0.039533551782369614,
            0.05100236460566521,
            0.05732331797480583,
            0.09218835830688477,
            0.08394797891378403,
            0.010398454032838345,
            0.06816976517438889,
            0.09663549065589905,
            0.03189331293106079,
            0.09404750913381577,
            0.04300307109951973,
            0.030126888304948807,
            0.0431600920855999,
            0.034140683710575104,
            0.07109395414590836,
            0.06392698734998703,
            0.07704932242631912,
            0.011559301987290382,
            0.09088094532489777,
            0.001862865756265819,
            0.07582112401723862,
            0.038542766124010086,
            0.06706568598747253,
            0.0668669119477272,
            0.01614326238632202,
            0.04762021824717522,
            0.0574759840965271,
            0.04058234766125679,
            0.05912182480096817,
            0.05950864776968956,
            0.03186114504933357,
            0.045847173780202866,
            0.05845632031559944,
            0.035958148539066315,
            0.09957274049520493,
            0.0686730369925499,
            0.03451734408736229,
            0.0024746120907366276,
            0.01967647112905979,
            0.07818018645048141,
            0.0339912585914135,
            0.09214363992214203,
            0.022038007155060768,
            0.02176499366760254,
            0.08482256531715393,
            0.05155256390571594,
            0.018369687721133232,
            0.031216192990541458,
            0.0382169745862484,
            0.012196761555969715,
            0.03829507902264595,
            0.005786019843071699,
            0.006000948138535023,
            0.04317381978034973,
            0.04069064185023308,
            0.035955797880887985,
            0.09790587425231934,
            0.07642825692892075,
            0.021481765434145927,
            0.04662882164120674,
            0.08648630976676941,
            0.08223294466733932,
            0.09841113537549973,
            0.06586108356714249,
            0.059404995292425156,
            0.055871397256851196,
            0.047258175909519196,
            0.05710044503211975,
            0.012726289220154285,
            0.06585454195737839,
            0.06254864484071732,
            0.014610225334763527,
            0.03490452840924263,
            0.04370366409420967,
            0.022008121013641357,
            0.0597090907394886,
            0.01758773997426033,
            0.08720742911100388,
            0.018290555104613304,
            0.07099131494760513,
            0.09247538447380066,
            0.0757627785205841,
            0.04378224536776543,
            0.0753302201628685
        ]
    ],
    "output_data": [
        [
            0.0
        ]
    ]
}