{
    "input_shapes": [
        [
            100
        ]
    ],
    "input_data": [
        [
            0.05210557207465172,
            0.0739842876791954,
            0.0708146020770073,
            0.07094021886587143,
            0.02436693385243416,
            0.023989617824554443,
            0.01669299602508545,
            0.06073014810681343,
            0.01965872012078762,
            0.08482548594474792,
            0.001333904336206615,
            0.008658016100525856,
            0.065669946372509,
            0.09780478477478027,
            0.004940045066177845,
            0.04638168215751648,
            0.0940883681178093,
            0.09031716734170914,
            0.056750524789094925,
            0.06227914243936539,
            0.012605637311935425,
            0.06020462140440941,
            0.09022236615419388,
            0.08862929791212082,
            0.06528333574533463,
            0.036674864590168,
            0.07615459710359573,
            0.09295476227998734,
            0.044162947684526443,
            0.006382751744240522,
            0.048084624111652374,
            0.05618814378976822,
            0.02583835832774639,
            0.01223007496446371,
            0.07420579344034195,
            0.05587078258395195,
            0.052213627845048904,
            0.0717826634645462,
            0.0022693516220897436,
            0.03939104080200195,
            0.007613456342369318,
            0.07494155317544937,
            0.06347423046827316,
            0.09249364584684372,
            0.06291899085044861,
            0.04370076209306717,
            0.04639266058802605,
            0.027006501331925392,
            0.0769553929567337,
            0.08044981211423874,
            0.08927210420370102,
            0.04038918763399124,
            0.020485639572143555,
            0.052062612026929855,
            0.08021990209817886,
            0.06856318563222885,
            0.0896376222372055,
            0.04201335459947586,
            0.00197407603263855,
            0.09157057851552963,
            0.04577929526567459,
            0.012793260626494884,
            0.05021057277917862,
            0.029131799936294556,
            0.02539507858455181,
            0.0313732735812664,
            0.039695728570222855,
            0.07830493152141571,
            0.018562858924269676,
            0.00722232460975647,
            0.0512232668697834,
            0.0717257410287857,
            0.07477696985006332,
            0.07329216599464417,
            0.029047120362520218,
            0.06207356974482536,
            0.006651765201240778,
            0.09245526790618896,
            0.07547583431005478,
            0.036096300929784775,
            0.08728968352079391,
            0.061166442930698395,
            0.04656214267015457,
            0.025292111560702324,
            0.06142057105898857,
            0.024768471717834473,
            0.03583917021751404,
            0.09872124344110489,
            0.06481602787971497,
            0.0945497378706932,
            0.014947647228837013,
            0.08232137560844421,
            0.07037404924631119,
            0.06370916962623596,
            0.07024913281202316,
            0.004435926675796509,
            0.07189568132162094,
            0.09417418390512466,
            0.0017816961044445634,
            0.031715959310531616
        ]
    ],
    "output_data": [
        [
            0.0,
            0.16885831952095032,
            0.0,
            0.3716554343700409,
            0.0,
            0.27079641819000244,
            0.034912124276161194,
            0.21028408408164978,
            0.2099662870168686,
            0.0
        ]
    ]
}