{
    "input_shapes": [
        [
            100
        ]
    ],
    "input_data": [
        [
            0.04337736591696739,
            0.02470499835908413,
            0.03759342059493065,
            0.009279591031372547,
            0.08337148278951645,
            0.05463789775967598,
            0.03907519206404686,
            0.09820450097322464,
            0.08667656779289246,
            0.012375736609101295,
            0.07916789501905441,
            0.0037142038345336914,
            0.08998887985944748,
            0.027854615822434425,
            0.09012682735919952,
            0.021935809403657913,
            0.01849994622170925,
            0.09861330687999725,
            0.039077531546354294,
            0.018678421154618263,
            0.038889575749635696,
            0.03709160163998604,
            0.07061634212732315,
            0.0812472403049469,
            0.001684552407823503,
            0.07594339549541473,
            0.050581660121679306,
            0.019325388595461845,
            0.007220262195914984,
            0.011489498429000378,
            0.011656147427856922,
            0.020965462550520897,
            0.054672449827194214,
            0.0010457218158990145,
            0.05581473931670189,
            0.07514271885156631,
            0.05639995262026787,
            0.06367873400449753,
            0.09172657877206802,
            0.037102412432432175,
            0.055325448513031006,
            0.09849749505519867,
            0.011439621448516846,
            0.09679602831602097,
            0.06544481962919235,
            0.03370220586657524,
            0.08734288066625595,
            0.03192759305238724,
            0.07323375344276428,
            0.04631517082452774,
            0.018888210877776146,
            0.001776200602762401,
            0.0394764319062233,
            0.09717278927564621,
            0.09449096769094467,
            0.07912298291921616,
            0.0943583995103836,
            0.020508145913481712,
            0.09619369357824326,
            0.052596744149923325,
            0.006798428483307362,
            0.0423620231449604,
            0.037153299897909164,
            0.031065339222550392,
            0.02677571214735508,
            0.08489177376031876,
            0.0427866168320179,
            0.0646682009100914,
            0.0986446961760521,
            0.03173324465751648,
            0.06196612864732742,
            0.03935718536376953,
            0.04042196273803711,
            0.050746895372867584,
            0.09951412677764893,
            0.0813797116279602,
            0.008890277706086636,
            0.011589444242417812,
            0.041657447814941406,
            0.061778124421834946,
            0.00014944076247047633,
            0.013969779014587402,
            0.04082115367054939,
            0.09820056706666946,
            0.059893038123846054,
            0.026935940608382225,
            0.053991761058568954,
            0.08167579025030136,
            0.04239905625581741,
            0.011230391450226307,
            0.07722368091344833,
            0.0737004205584526,
            0.04707018658518791,
            0.021539026871323586,
            0.09278946369886398,
            0.0577019527554512,
            0.04059520363807678,
            0.04171239212155342,
            0.075063057243824,
            0.034883756190538406
        ]
    ],
    "output_data": [
        [
            0.07838891446590424,
            0.0,
            0.039971765130758286,
            0.0,
            0.0,
            0.0,
            0.08385434001684189,
            0.0675986036658287,
            0.0,
            0.08163885772228241
        ]
    ]
}