{
    "input_shapes": [
        [
            100
        ]
    ],
    "input_data": [
        [
            0.03546930477023125,
            0.08236590027809143,
            0.06492515653371811,
            0.08840272575616837,
            0.08435133099555969,
            0.07201169431209564,
            0.04007788375020027,
            0.029069406911730766,
            0.021541262045502663,
            0.048105914145708084,
            0.0067555964924395084,
            0.026591544970870018,
            0.01894991472363472,
            0.07281312346458435,
            0.07052181661128998,
            0.09171690791845322,
            0.08795712143182755,
            0.042041756212711334,
            0.026256894692778587,
            0.07370661944150925,
            0.009718007408082485,
            0.019977761432528496,
            0.08373452723026276,
            0.02884536422789097,
            0.07681255042552948,
            0.09959855675697327,
            0.06058387830853462,
            0.08128885179758072,
            0.013143831863999367,
            0.040080197155475616,
            0.005581521894782782,
            0.0937580019235611,
            0.07637101411819458,
            0.051052309572696686,
            0.09658386558294296,
            0.09932886809110641,
            0.07714111357927322,
            0.026803666725754738,
            0.06499188393354416,
            0.02694123424589634,
            0.021489828824996948,
            0.0903341993689537,
            0.05843337997794151,
            0.031994398683309555,
            0.04830412194132805,
            0.04361924156546593,
            0.08152861893177032,
            0.0357324443757534,
            0.02748105488717556,
            0.07921912521123886,
            0.01225773710757494,
            0.04518101364374161,
            0.04032386466860771,
            0.0674024447798729,
            0.03970476984977722,
            0.06149459630250931,
            0.062098391354084015,
            0.08045511692762375,
            0.04371238872408867,
            0.012697619386017323,
            0.06841366738080978,
            0.0828501507639885,
            0.00540128955617547,
            0.0648590698838234,
            0.038345109671354294,
            0.05623340606689453,
            0.06517722457647324,
            0.01586032472550869,
            0.02489042840898037,
            0.04250785708427429,
            0.02383248321712017,
            0.06533218920230865,
            0.08576660603284836,
            0.09186435490846634,
            0.002470767591148615,
            0.009894383139908314,
            0.06663468480110168,
            0.08223878592252731,
            0.07244383543729782,
            0.06154235824942589,
            0.06947553157806396,
            0.061397530138492584,
            0.033151399344205856,
            0.0008966207387857139,
            0.018067151308059692,
            0.05871298536658287,
            0.07590784877538681,
            0.06609859317541122,
            0.02795441821217537,
            0.03061732091009617,
            0.052974458783864975,
            0.09834536164999008,
            0.035599227994680405,
            0.05782053619623184,
            0.07635725289583206,
            0.09903393685817719,
            0.0998852550983429,
            0.06671451777219772,
            0.011402863077819347,
            0.023335028439760208
        ]
    ],
    "output_data": [
        [
            0.46149981021881104,
            0.4496844410896301,
            0.6420564651489258,
            0.5449214577674866,
            0.5208016633987427,
            0.4290876090526581,
            0.43392834067344666,
            0.5251147747039795,
            0.5823360681533813,
            0.4187353849411011
        ]
    ]
}