{
    "input_shapes": [
        [
            100
        ]
    ],
    "input_data": [
        [
            0.022132044658064842,
            0.041093457490205765,
            0.0054998635314404964,
            0.012312794104218483,
            0.04241637513041496,
            0.017211629077792168,
            0.01507581491023302,
            0.055432356894016266,
            0.09671767055988312,
            0.047018833458423615,
            0.07860051095485687,
            0.05218684300780296,
            0.09395606070756912,
            0.07567930221557617,
            0.033673472702503204,
            0.014764613471925259,
            0.09941857308149338,
            0.011414634995162487,
            0.00467799324542284,
            0.08143337815999985,
            0.08194667845964432,
            0.009477830491960049,
            0.006138336844742298,
            0.05905589088797569,
            0.056585051119327545,
            0.005678081419318914,
            0.04564569145441055,
            0.08461951464414597,
            0.03462992236018181,
            0.09484729915857315,
            0.07311373203992844,
            0.07634078711271286,
            0.05202261731028557,
            0.05081695318222046,
            0.07244562357664108,
            0.08028347045183182,
            0.087265245616436,
            0.06701990216970444,
            0.05360720306634903,
            0.014750242233276367,
            0.08047910034656525,
            0.06511957198381424,
            0.0621354840695858,
            0.05968707427382469,
            0.08379008620977402,
            0.008819455280900002,
            0.036205459386110306,
            0.01614452712237835,
            0.0023826719261705875,
            0.029864026233553886,
            0.03912683203816414,
            0.05441081523895264,
            0.003915381617844105,
            0.03723711892962456,
            0.015076035633683205,
            0.010643643327057362,
            0.09235471487045288,
            0.062128543853759766,
            0.009811806492507458,
            0.07403803616762161,
            0.003007185412570834,
            0.08602896332740784,
            0.06454136222600937,
            0.03019889071583748,
            0.028240526095032692,
            0.02731524221599102,
            0.07984379678964615,
            0.04625467211008072,
            0.03366686776280403,
            0.07944300025701523,
            0.08069824427366257,
            0.04520309716463089,
            0.0960305705666542,
            0.03351622447371483,
            0.009858399629592896,
            0.0882919654250145,
            0.012876606546342373,
            0.03038390912115574,
            0.05147023871541023,
            0.05355920270085335,
            0.0017621576553210616,
            0.08831417560577393,
            0.09830515831708908,
            0.07007087767124176,
            0.05691113695502281,
            0.08498100191354752,
            0.03976012021303177,
            0.054163455963134766,
            0.08345124125480652,
            0.028906846418976784,
            0.0773661658167839,
            0.08668314665555954,
            0.05960841104388237,
            0.09054821729660034,
            0.06731485575437546,
            0.03076992742717266,
            0.02966088056564331,
            0.008609205484390259,
            0.02638041414320469,
            0.05541055276989937
        ]
    ],
    "output_data": [
        [
            0.4540071189403534,
            0.5071553587913513,
            0.4647928774356842,
            0.5062780976295471,
            0.47335344552993774,
            0.5184184908866882,
            0.509574830532074,
            0.4818859100341797,
            0.47221192717552185,
            0.5184457898139954
        ]
    ]
}